Kraj,Kliknięcia,Wyświetlenia,CTR,Pozycja
Indie,5,1358,0.37%,20.18
Niemcy,3,150,2%,15.95
Wielka Brytania,2,320,0.62%,24.14
Stany Zjednoczone,1,6852,0.01%,18.46
Rosja,1,340,0.29%,25.66
Hiszpania,1,236,0.42%,25.54
Bangladesz,1,169,0.59%,25.82
Holandia,1,126,0.79%,9.96
Brazylia,1,85,1.18%,19.39
Australia,1,64,1.56%,11.38
Chiny,1,13,7.69%,9.15
Kazachstan,1,10,10%,8.7
Filipiny,0,871,0%,27.79
Tajlandia,0,621,0%,27.51
Indonezja,0,601,0%,27.68
Turcja,0,343,0%,27.95
Wietnam,0,338,0%,26.16
Malezja,0,292,0%,27.7
Arabia Saudyjska,0,268,0%,27.78
Zjednoczone Emiraty Arabskie,0,266,0%,8.57
Francja,0,238,0%,24.6
Meksyk,0,227,0%,26.39
Ukraina,0,205,0%,30.74
Pakistan,0,147,0%,25.3
Jordania,0,134,0%,25.9
Maroko,0,119,0%,27.34
Algieria,0,98,0%,26.43
Włochy,0,84,0%,24.17
Irak,0,68,0%,22.49
Kanada,0,67,0%,16.82
Polska,0,63,0%,19.89
Rumunia,0,31,0%,12.71
Szwecja,0,31,0%,17.42
Czechy,0,28,0%,13.75
Szwajcaria,0,27,0%,11.96
Dania,0,27,0%,18.93
Węgry,0,26,0%,20.15
Izrael,0,26,0%,28.31
Finlandia,0,22,0%,8.41
Belgia,0,19,0%,8.63
Serbia,0,19,0%,9.95
Singapur,0,19,0%,11.53
Nigeria,0,18,0%,8.17
Portugalia,0,18,0%,10.5
Bułgaria,0,18,0%,13.61
Austria,0,17,0%,7.65
Republika Południowej Afryki,0,15,0%,8.4
Egipt,0,15,0%,18.2
Japonia,0,14,0%,26.93
Iran,0,13,0%,9
Grecja,0,11,0%,8.91
Argentyna,0,11,0%,11.27
Łotwa,0,11,0%,16
Estonia,0,10,0%,8.8
Nepal,0,9,0%,7.67
Tajwan,0,9,0%,36.22
Białoruś,0,8,0%,6.38
Słowacja,0,8,0%,19.75
Luksemburg,0,8,0%,26.75
Chile,0,7,0%,7.29
Kolumbia,0,7,0%,8.29
Kenia,0,7,0%,8.43
Nowa Zelandia,0,7,0%,12.43
Angola,0,7,0%,19.43
Korea Południowa,0,6,0%,6.33
Hongkong,0,6,0%,6.83
Etiopia,0,6,0%,8.5
Chorwacja,0,6,0%,9
Litwa,0,6,0%,9.67
Norwegia,0,5,0%,7.6
Peru,0,5,0%,10.4
Islandia,0,5,0%,23.8
Liban,0,4,0%,6
Ghana,0,4,0%,6.75
Madagaskar,0,4,0%,7
Uganda,0,4,0%,9.25
Syria,0,4,0%,22.75
Wenezuela,0,4,0%,24.75
Mali,0,3,0%,1
Uzbekistan,0,3,0%,6.67
Laos,0,3,0%,7.67
Oman,0,3,0%,7.67
Sri Lanka,0,3,0%,8.67
Katar,0,3,0%,8.67
Gruzja,0,3,0%,9.33
Mołdawia,0,3,0%,9.67
Lichtenstein,0,3,0%,30
Bośnia i Hercegowina,0,2,0%,5.5
Malediwy,0,2,0%,5.5
Irlandia,0,2,0%,7.5
Afganistan,0,2,0%,10
Kostaryka,0,2,0%,10
Tunezja,0,2,0%,10
Ekwador,0,2,0%,11
Kuba,0,2,0%,16.5
Kambodża,0,2,0%,17.5
Andora,0,2,0%,35
Zielony Przylądek,0,1,0%,1
Myanmar (Birma),0,1,0%,1
Sint Maarten,0,1,0%,1
Urugwaj,0,1,0%,1
Malawi,0,1,0%,2
Honduras,0,1,0%,5
Trynidad i Tobago,0,1,0%,6
Malta,0,1,0%,7
Niger,0,1,0%,7
Armenia,0,1,0%,8
Belize,0,1,0%,8
Bahrajn,0,1,0%,9
Cypr,0,1,0%,9
Haiti,0,1,0%,9
Makau,0,1,0%,9
Mauritius,0,1,0%,9
Nikaragua,0,1,0%,9
Palestyna,0,1,0%,9
Słowenia,0,1,0%,9
Albania,0,1,0%,10
Macedonia,0,1,0%,10
Panama,0,1,0%,10
Turkmenistan,0,1,0%,10
Gabon,0,1,0%,11
Somalia,0,1,0%,19
Brunei,0,1,0%,44