Najpopularniejsze strony,Kliknięcia,Wyświetlenia,CTR,Pozycja
https://oatllo.com/laravel-horizon-vs-supervisor,3,107,2.8%,25.84
https://oatllo.com/course/php/function/php-function-arguments-guide,2,939,0.21%,11.65
https://oatllo.com/laravel-retry-failed-jobs,2,248,0.81%,19.76
https://oatllo.com/php-maximum-execution-time-exceeded,2,126,1.59%,13.92
https://oatllo.com/course/php/objective-programming/php-constructor-destructor-guide,1,702,0.14%,13.29
https://oatllo.com/master-php-enums-use-cases-tips,1,268,0.37%,28.06
https://oatllo.com/course/nginx-basics/configuration-basics/includes-and-sites,1,160,0.62%,13.72
https://oatllo.com/course/git-basics/everyday-git/committing-specific-files,1,142,0.7%,16.56
https://oatllo.com/course/nginx-basics/getting-started/start-stop-reload,1,71,1.41%,12.1
https://oatllo.com/php-8-3-typed-class-constants,1,57,1.75%,10.95
https://oatllo.com/course/nginx-basics/serving-static-content/root-and-index,1,50,2%,10.96
https://oatllo.com/course/php,1,44,2.27%,25.43
https://oatllo.com/course/nginx-basics/serving-static-content/autoindex,1,24,4.17%,24
https://oatllo.com/course/php/modern-php-8-4-and-8-5/checking-php-version-whats-new,1,14,7.14%,14.93
https://oatllo.com/course/php/objective-programming/php-properties-methods-guide,0,1120,0%,15.16
https://oatllo.com/course/php/conditional-instructions/php-match-expression-guide,0,511,0%,12.23
https://oatllo.com/course/php/array/array-indexed-associative-multidimensional-php,0,431,0%,16.97
https://oatllo.com/course/redis-basics/keys-values-and-expiration/deleting-and-checking-keys,0,403,0%,20.49
https://oatllo.com/course/php/objective-programming/php-getter-setter-guide,0,361,0%,13.73
https://oatllo.com/course/php/array/fast-array-operations-php-array-map-filter-walk,0,351,0%,13.68
https://oatllo.com/course/php/function/php-variable-scope-guide,0,337,0%,15.37
https://oatllo.com/course/php/php-basics/constants-in-php,0,314,0%,15.21
https://oatllo.com/course/redis-basics/managing-redis-from-the-console/the-redis-cli-console,0,297,0%,41.85
https://oatllo.com/course/php/php-basics/difference-single-double-quotes-php,0,294,0%,25.91
https://oatllo.com/course/git-basics/everyday-git/moving-and-removing-files,0,284,0%,23.47
https://oatllo.com/course/nginx-basics/performance-and-caching/caching-static-assets,0,248,0%,8.07
https://oatllo.com/course/redis-basics/keys-values-and-expiration/keys-and-values,0,246,0%,18.67
https://oatllo.com/course/redis-basics/managing-redis-from-the-console/deleting-keys-and-flushing-cache,0,239,0%,40.13
https://oatllo.com/course/git-basics/real-world-and-troubleshooting/undo-last-commit,0,237,0%,50.27
https://oatllo.com/course/nginx-basics/reverse-proxy/proxy-headers,0,236,0%,21.78
https://oatllo.com/course/php/loop/php-for-loop-guide,0,214,0%,12.84
https://oatllo.com/course/php/array/iterating-arrays-php-foreach-array-walk-array-chunk,0,195,0%,14.95
https://oatllo.com/php-performance-optimization-techniques,0,167,0%,30.26
https://oatllo.com/course/git-basics/undoing-things/git-reset-explained,0,162,0%,25.9
https://oatllo.com/course/redis-basics/beyond-cache-and-production/pub-sub,0,157,0%,30.13
https://oatllo.com/course/redis-basics/beyond-cache-and-production/securing-redis,0,154,0%,20.97
https://oatllo.com/course/php/loop,0,154,0%,43.16
https://oatllo.com/course/php/before-programming-in-php/php-installation-first-steps,0,147,0%,25.86
https://oatllo.com/course/php/loop/php-break-continue-guide,0,138,0%,17.75
https://oatllo.com/enums-php-guide,0,136,0%,20.88
https://oatllo.com/course/git-basics/rewriting-history/rebase-vs-merge,0,135,0%,26.44
https://oatllo.com/course/nginx-basics/location-matching/try-files,0,132,0%,10.67
https://oatllo.com/avoiding-pitfalls-php-speeding-up-code,0,131,0%,21.51
https://oatllo.com/course/redis-basics/managing-redis-from-the-console/inspecting-keys-and-values,0,127,0%,35.61
https://oatllo.com/course/git-basics/undoing-things/reverting-a-commit,0,127,0%,43.65
https://oatllo.com/course/php/objective-programming/php-encapsulation-guide,0,125,0%,13.54
https://oatllo.com/course/git-basics/remotes-and-github/cloning-a-repository,0,124,0%,49.1
https://oatllo.com/course/redis-basics/getting-started/what-redis-is-used-for,0,123,0%,58.67
https://oatllo.com/course/git-basics/rewriting-history/cherry-picking,0,122,0%,28.23
https://oatllo.com/course/redis-basics/beyond-cache-and-production/eviction-policies,0,119,0%,19.7
https://oatllo.com/cors-policy-error-fix,0,114,0%,37.98
https://oatllo.com/course/redis-basics/beyond-cache-and-production/queues-and-background-jobs,0,113,0%,21.59
https://oatllo.com/course/php/array/php-array-functions-map-filter-reduce-merge,0,109,0%,12.7
https://oatllo.com/course/nginx-basics/security-basics/access-control,0,107,0%,21.23
https://oatllo.com/course/redis-basics/managing-redis-from-the-console/server-info-and-monitoring,0,107,0%,45.62
https://oatllo.com/course/git-basics/undoing-things/amending-the-last-commit,0,106,0%,27.84
https://oatllo.com/course/redis-basics/core-data-types/lists,0,88,0%,15.23
https://oatllo.com/course/redis-basics/keys-values-and-expiration/atomic-counters,0,87,0%,12.71
https://oatllo.com/course/php/objective-programming/php-inheritance-guide,0,85,0%,12
https://oatllo.com/course/git-basics/everyday-git/seeing-changes,0,83,0%,22.4
https://oatllo.com/course/redis-basics/keys-values-and-expiration,0,83,0%,31.76
https://oatllo.com/course/redis-basics/redis-and-laravel/redis-as-cache-driver,0,82,0%,16.94
https://oatllo.com/course/nginx-basics/configuration-basics/access-and-error-logs,0,73,0%,17.6
https://oatllo.com/course/git-basics/undoing-things/unstaging-files,0,70,0%,39.47
https://oatllo.com/course/nginx-basics/configuration-basics/config-file-structure,0,68,0%,24.88
https://oatllo.com/course/php/conditional-instructions/php-exit-die-guide,0,66,0%,12.15
https://oatllo.com/course/php/loop/php-while-loop-guide,0,65,0%,11.06
https://oatllo.com/course/redis-basics/redis-and-laravel/sessions-and-queues-on-redis,0,65,0%,23.58
https://oatllo.com/course/nginx-basics/performance-and-caching/keepalive,0,61,0%,15.57
https://oatllo.com/course/redis-basics/redis-and-laravel/caching-in-laravel,0,61,0%,21.92
https://oatllo.com/course/redis-basics/redis-and-laravel,0,57,0%,23.3
https://oatllo.com/course/nginx-basics/serving-static-content/mime-types,0,56,0%,18.8
https://oatllo.com/course/docker-basics/images-and-containers/interactive-containers,0,56,0%,40.23
https://oatllo.com/course/nginx-basics/configuration-basics/testing-config-safely,0,53,0%,12.15
https://oatllo.com/course/php/php-basics/concatenation-interpolation-string-manipulation-php,0,49,0%,13.94
https://oatllo.com/idempotency-key-api-safe-retries,0,48,0%,31.83
https://oatllo.com/course/nginx-basics/serving-static-content/alias-serving-another-directory,0,47,0%,11.87
https://oatllo.com/course/nginx-basics/reverse-proxy/proxy-pass,0,46,0%,13.89
https://oatllo.com/course/git-basics/getting-started/configuring-git,0,43,0%,50.84
https://oatllo.com/course/nginx-basics/serving-static-content/listen-and-server-name,0,42,0%,13.81
https://oatllo.com/course/redis-basics/redis-and-laravel/using-the-redis-facade,0,42,0%,16.6
https://oatllo.com/course/nginx-basics/configuration-basics/directives-and-contexts,0,42,0%,20.24
https://oatllo.com/course/redis-basics/getting-started/redis-vs-a-database,0,40,0%,47.23
https://oatllo.com/course/redis-basics/caching-patterns-and-invalidation/ttl-vs-explicit-invalidation,0,39,0%,22.15
https://oatllo.com/course/redis-basics/core-data-types/strings,0,38,0%,18.82
https://oatllo.com/course/redis-basics/caching-patterns-and-invalidation/common-caching-mistakes,0,36,0%,24.81
https://oatllo.com/course/redis-basics/getting-started/first-commands,0,34,0%,38.09
https://oatllo.com/course/nginx-basics/serving-static-content,0,33,0%,24.42
https://www.oatllo.com/letter-s-in-solid-examples,0,32,0%,10.28
https://oatllo.com/course/nginx-basics/deploying-to-a-vps/deploy-a-laravel-app-from-git,0,32,0%,21.41
https://oatllo.com/course/git-basics/real-world-and-troubleshooting/detached-head,0,32,0%,24
https://oatllo.com/course/redis-basics/beyond-cache-and-production/rate-limiting-with-redis,0,31,0%,17.39
https://oatllo.com/course/redis-basics/redis-and-laravel/cache-tags,0,30,0%,14.43
https://oatllo.com/course/nginx-basics/performance-and-caching/workers-and-connections,0,30,0%,17.8
https://oatllo.com/course/php/php-basics/variables-and-data-types-in-php,0,30,0%,19.77
https://oatllo.com/disaster-recovery-database-systems,0,30,0%,63.17
https://oatllo.com/course/git-basics/real-world-and-troubleshooting/committed-to-the-wrong-branch,0,29,0%,20.45
https://oatllo.com/course/git-basics/branching-and-merging/resolving-merge-conflicts,0,29,0%,43.41
https://oatllo.com/course/nginx-basics/https-tls/redirect-http-to-https,0,27,0%,19.04
https://oatllo.com/course/git-basics/collaborating/forking-a-repository,0,27,0%,26.07
https://oatllo.com/course/git-basics/collaborating/handling-push-rejections,0,25,0%,22.44
https://oatllo.com/freelance-programming-rates,0,24,0%,18.58
https://oatllo.com/course/nginx-basics/serving-static-content/custom-error-pages,0,24,0%,21.08
https://oatllo.com/letter-i-in-solid-explanation-examples,0,23,0%,12.3
https://oatllo.com/course/docker-basics/docker-compose/build-and-environment,0,23,0%,20.61
https://oatllo.com/course/git-basics/undoing-things/recovering-with-reflog,0,23,0%,21
https://oatllo.com/course/git-basics/getting-started/the-three-areas,0,23,0%,29.26
https://oatllo.com/course/nginx-basics/common-errors-and-fixes/too-many-redirects,0,22,0%,17.14
https://oatllo.com/course/nginx-basics/location-matching/redirects-with-return,0,20,0%,31.7
https://oatllo.com/course/git-basics/remotes-and-github/what-is-a-remote,0,20,0%,31.85
https://oatllo.com/course/git-basics/collaborating/the-feature-branch-workflow,0,20,0%,58.85
https://oatllo.com/course/nginx-basics/https-tls/listen-443-ssl,0,19,0%,23.79
https://oatllo.com/course/nginx-basics/serving-static-content/serving-on-a-custom-port,0,19,0%,27
https://oatllo.com/course/nginx-basics/location-matching/rewrite-basics,0,19,0%,27.21
https://oatllo.com/course/redis-basics/core-data-types,0,18,0%,29.94
https://oatllo.com/course/nginx-basics/common-errors-and-fixes/address-already-in-use,0,17,0%,16.65
https://oatllo.com/course/redis-basics/beyond-cache-and-production/a-laravel-redis-docker-stack,0,17,0%,17.88
https://oatllo.com/course/nginx-basics/location-matching/matching-priority,0,16,0%,11.69
https://oatllo.com/course/nginx-basics/reverse-proxy/upstream-blocks,0,16,0%,12.62
https://oatllo.com/course/nginx-basics/common-errors-and-fixes/welcome-page-instead-of-my-site,0,16,0%,14.44
https://oatllo.com/course/php/modern-php-8-4-and-8-5/new-without-parentheses,0,15,0%,10.6
https://oatllo.com/course/nginx-basics/location-matching/how-location-matching-works,0,15,0%,28.67
https://oatllo.com/eloquent-n1-query-problem,0,14,0%,14
https://oatllo.com/course/redis-basics/caching-patterns-and-invalidation/cache-stampede,0,14,0%,21.79
https://oatllo.com/course/redis-basics/redis-and-laravel/connecting-redis-to-laravel,0,14,0%,27.14
https://oatllo.com/course/redis-basics,0,13,0%,20.54
https://oatllo.com/blog/tag/php-legacy-code,0,13,0%,20.85
https://oatllo.com/course/nginx-basics/common-errors-and-fixes/413-request-entity-too-large,0,13,0%,42.38
https://oatllo.com/blog/tag/php-di-containers,0,12,0%,11.5
https://oatllo.com/course/git-basics/rewriting-history/when-not-to-rewrite-history,0,12,0%,18.25
https://oatllo.com/course/php/function/php-function-typing-guide,0,11,0%,18.91
https://oatllo.com/course/nginx-basics/configuration-basics,0,11,0%,28.73
https://oatllo.com/course/php/modern-php-8-4-and-8-5/new-array-functions,0,10,0%,9.6
https://oatllo.com/course/nginx-basics/security-basics/rate-limiting,0,10,0%,14.3
https://oatllo.com/blog/tag/php-enums-pitfalls,0,10,0%,17.9
https://oatllo.com/course/git-basics/getting-started/your-first-repository,0,10,0%,28
https://oatllo.com/course/php/function,0,10,0%,28.8
https://oatllo.com/course/git-basics/branching-and-merging/deleting-branches,0,10,0%,34.3
https://oatllo.com/course/docker-basics/real-project/a-php-dockerfile,0,10,0%,35.7
https://oatllo.com/course/redis-basics/beyond-cache-and-production/persistence-rdb-aof,0,10,0%,39.7
https://oatllo.com/course/docker-basics/getting-started/installing-docker,0,10,0%,49
https://oatllo.com/blog/tag/php-enums,0,9,0%,13.67
https://oatllo.com/blog/tag/constructor-injection,0,9,0%,20.44
https://oatllo.com/course/nginx-basics/common-errors-and-fixes/static-files-not-loading,0,9,0%,20.44
https://oatllo.com/course/git-basics/real-world-and-troubleshooting/a-sensible-git-workflow,0,9,0%,24.56
https://oatllo.com/course/git-basics/rewriting-history/interactive-rebase,0,9,0%,40.44
https://oatllo.com/blog/tag/php-code-maintenance,0,8,0%,9.88
https://oatllo.com/course/nginx-basics/security-basics/hide-version,0,8,0%,11.88
https://oatllo.com/course/nginx-basics/nginx-and-php/a-laravel-server-block,0,8,0%,13.12
https://oatllo.com/course/nginx-basics/nginx-and-php/a-working-php-site,0,7,0%,19
https://oatllo.com/course/redis-basics/caching-patterns-and-invalidation/invalidation-strategies,0,7,0%,29
https://oatllo.com/typescript-utility-types-every-developer-should-know,0,6,0%,15.83
https://oatllo.com/course/docker-basics/real-project/compose-for-the-app,0,6,0%,16
https://oatllo.com/course/git-basics/everyday-git/committing,0,6,0%,20
https://oatllo.com/course/nginx-basics/reverse-proxy/what-is-a-reverse-proxy,0,6,0%,51.33
https://oatllo.com/course/php/modern-php-8-4-and-8-5/deprecated-attribute,0,5,0%,8.6
https://oatllo.com/course/nginx-basics/nginx-and-php/fastcgi-pass,0,5,0%,20.8
https://oatllo.com/course/docker-basics/building-images/common-instructions,0,5,0%,26.4
https://oatllo.com/course/nginx-basics/getting-started/nginx-vs-apache,0,5,0%,27.2
https://oatllo.com/course/nginx-basics/common-errors-and-fixes,0,5,0%,29.6
https://oatllo.com/course/git-basics/getting-started/installing-git,0,5,0%,54
https://oatllo.com/course/docker-basics,0,4,0%,8.25
https://oatllo.com/course/git-basics/branching-and-merging/what-is-a-branch,0,4,0%,13
https://oatllo.com/course/nginx-basics/common-errors-and-fixes/403-forbidden,0,4,0%,13
https://oatllo.com/course/php/modern-php-8-4-and-8-5/pipe-operator,0,4,0%,15.25
https://oatllo.com/course/git-basics/collaborating,0,4,0%,21.5
https://oatllo.com/blog/tag/refactoring-tools-php,0,4,0%,21.75
https://oatllo.com/course/docker-basics/building-images/dockerignore,0,4,0%,24.75
https://oatllo.com/course/nginx-basics/serving-static-content/location-basics,0,4,0%,27.5
https://oatllo.com/blog/tag/profiling-tools,0,4,0%,36.75
https://oatllo.com/,0,3,0%,7.67
https://oatllo.com/course/php/modern-php-8-4-and-8-5/nodiscard-attribute,0,3,0%,11.33
https://oatllo.com/course/php/php-basics,0,3,0%,13
https://oatllo.com/course/docker-basics/building-images/building-and-running,0,3,0%,13.67
https://oatllo.com/course/nginx-basics/https-tls/basic-tls-hardening,0,3,0%,14
https://oatllo.com/course/docker-basics/networking/port-mapping,0,3,0%,16
https://oatllo.com/course/nginx-basics/serving-static-content/server-blocks,0,3,0%,16
https://oatllo.com/course/git-basics/undoing-things,0,3,0%,18
https://oatllo.com/course/docker-basics/building-images/cmd-vs-entrypoint,0,3,0%,19
https://oatllo.com/course/docker-basics/images-and-containers/listing-and-stopping-containers,0,3,0%,21.67
https://oatllo.com/course/nginx-basics/real-world/node-app-behind-nginx,0,3,0%,23
https://oatllo.com/course/docker-basics/data-and-volumes/bind-mounts,0,3,0%,37.67
https://oatllo.com/course/git-basics,0,2,0%,4.5
https://oatllo.com/course/nginx-basics/real-world/full-laravel-stack,0,2,0%,15.5
https://oatllo.com/course/nginx-basics/https-tls/lets-encrypt-certbot,0,2,0%,16
https://oatllo.com/course/nginx-basics/real-world/full-static-site,0,2,0%,24.5
https://oatllo.com/courses,0,2,0%,25.5
https://oatllo.com/course/docker-basics/networking/container-networks,0,2,0%,26
https://oatllo.com/course/git-basics/collaborating/pull-requests,0,2,0%,30.5
https://oatllo.com/programming-career-development-expert-advice,0,2,0%,33.5
https://oatllo.com/course/redis-basics/beyond-cache-and-production/troubleshooting,0,2,0%,39
https://oatllo.com/course/docker-basics/building-images/layers-and-caching,0,2,0%,42.5
https://oatllo.com/course/nginx-basics/nginx-and-php/how-nginx-runs-php,0,2,0%,44.5
https://oatllo.com/course/php/loop/php-do-while-loop-guide,0,1,0%,1
https://www.oatllo.com/blog,0,1,0%,4
https://oatllo.com/course/git-basics/getting-started/what-is-git,0,1,0%,7
https://oatllo.com/course/docker-basics/best-practices/security-basics,0,1,0%,11
https://oatllo.com/career-growth-programming-success,0,1,0%,12
https://oatllo.com/course/nginx-basics/https-tls/why-https,0,1,0%,13
https://oatllo.com/course/redis-basics/caching-patterns-and-invalidation,0,1,0%,22
https://oatllo.com/blog/tag/online-coding-resources,0,1,0%,24
https://oatllo.com/course/docker-basics/docker-compose/writing-compose-file,0,1,0%,24
https://oatllo.com/course/nginx-basics/getting-started/how-a-web-request-works,0,1,0%,24
https://oatllo.com/course/nginx-basics,0,1,0%,29
https://oatllo.com/course/docker-basics/getting-started/containers-vs-virtual-machines,0,1,0%,30
http://www.oatllo.com/blog/tag/software-development-trends,0,1,0%,34
https://oatllo.com/course/redis-basics/getting-started/what-is-redis,0,1,0%,37
https://oatllo.com/course/nginx-basics/nginx-and-php,0,1,0%,45
https://oatllo.com/course/nginx-basics/https-tls,0,1,0%,48
https://oatllo.com/blog/tag/hourly-vs-project-pricing,0,1,0%,55
https://oatllo.com/course/docker-basics/building-images/what-is-a-dockerfile,0,1,0%,74