Data,Kliknięcia,Wyświetlenia,CTR,Pozycja
2026-09-02,4,1134,0.35%,14.9
2026-09-03,5,1229,0.41%,16.8
2026-09-04,1,994,0.1%,14.9
2026-09-05,1,840,0.12%,15.1
2026-09-06,0,733,0%,15.9
2026-09-07,1,1262,0.08%,15.6
2026-09-08,4,986,0.41%,14.6
2026-09-09,1,1075,0.09%,14.4
2026-09-10,1,945,0.11%,12.9
2026-09-11,1,691,0.14%,12.3
2026-09-12,0,671,0%,14.3
2026-09-13,0,719,0%,13.3
2026-09-14,3,843,0.36%,11.8
2026-09-15,3,928,0.32%,12.2
2026-09-16,3,819,0.37%,10.8
2026-09-17,4,920,0.43%,10.2
2026-09-18,2,543,0.37%,13
2026-09-19,1,404,0.25%,13.2
2026-09-20,0,439,0%,11.8
2026-09-21,9,711,1.27%,9.8
2026-09-22,6,735,0.82%,9.4
2026-09-23,6,762,0.79%,9.7
2026-09-24,3,788,0.38%,9.4
2026-09-25,0,634,0%,8.9
2026-09-26,1,425,0.24%,10.2
2026-09-27,4,429,0.93%,10.7
2026-09-28,5,713,0.7%,8.7
2026-09-29,2,760,0.26%,9.2