Data,Nie zindeksowano,Zindeksowano,Wyświetlenia
2026-07-05,,,437
2026-07-06,,,488
2026-07-07,,,494
2026-07-08,,,426
2026-07-09,,,612
2026-07-10,209,48,2263
2026-07-11,119,183,578
2026-07-12,119,183,711
2026-07-13,119,183,1055
2026-07-14,119,183,1145
2026-07-15,119,183,686
2026-07-16,119,183,651
2026-07-17,119,183,1018
2026-07-18,119,183,1250
2026-07-19,119,183,1281
2026-07-20,119,183,1039
2026-07-21,119,183,682
2026-07-22,119,183,656
2026-07-23,119,183,748
2026-07-24,119,183,989
2026-07-25,110,257,854
2026-07-26,110,257,1051
2026-07-27,110,257,1704
2026-07-28,110,257,1715
2026-07-29,110,257,1776
2026-07-30,110,257,1902
2026-07-31,110,257,1453
2026-08-01,110,257,1525
2026-08-02,110,257,1822
2026-08-03,110,257,1459
2026-08-04,110,257,1417
2026-08-05,110,257,5661
2026-08-06,136,260,2162
2026-08-07,136,260,1392
2026-08-08,134,320,926
2026-08-09,134,320,2292
2026-08-10,134,320,2796
2026-08-11,152,320,3229
2026-08-12,152,320,2109
2026-08-13,152,320,1929
2026-08-14,152,320,1538
2026-08-15,148,371,1385
2026-08-16,148,371,2236
2026-08-17,148,371,1692
2026-08-18,158,369,1735
2026-08-19,158,369,1759
2026-08-20,158,369,1925
2026-08-21,158,369,1324
2026-08-22,171,423,1318
2026-08-23,171,423,1034
2026-08-24,171,423,1182
2026-08-25,171,423,1004
2026-08-26,171,423,1016
2026-08-27,171,423,970
2026-08-28,171,423,795
2026-08-29,174,420,770
2026-08-30,174,420,835
2026-08-31,174,420,1011
2026-09-01,174,420,1252
2026-09-02,174,420,1134
2026-09-03,174,420,1229
2026-09-04,174,420,994
2026-09-05,163,438,840
2026-09-06,163,438,733
2026-09-07,163,438,1262
2026-09-08,163,438,986
2026-09-09,163,438,1075
2026-09-10,163,438,945
2026-09-11,163,438,691
2026-09-12,163,438,671
2026-09-13,163,438,719
2026-09-14,163,438,843
2026-09-15,203,452,928
2026-09-16,203,452,819
2026-09-17,203,452,920
2026-09-18,203,452,543
2026-09-19,198,454,404
2026-09-20,198,454,439
2026-09-21,198,454,711